test,class0,class1,class2,class3,class4
1.0,0.8317460317460317,0.6406746031746031,0.744345238095238,0.894126984126984,0.8891071428571428
2.0,0.46726190476190477,0.9455357142857143,0.6901785714285714,0.9361111111111111,0.9609126984126984
0.0,0.0,1.0,1.0,1.0,1.0
0.0,0.005555555555555555,1.0,0.9944444444444445,1.0,1.0
0.0,0.04672619047619048,1.0,0.9715277777777779,1.0,0.9817460317460318
3.0,0.4128968253968254,0.9375,0.797420634920635,0.9299603174603174,0.9222222222222222
2.0,0.7381944444444444,0.7298611111111111,0.7472222222222222,0.8583333333333334,0.9263888888888889
2.0,0.9833333333333332,0.9,0.2923611111111111,0.8833333333333334,0.9409722222222221
2.0,0.9541666666666666,0.9785714285714284,0.40436507936507937,0.7945436507936507,0.8683531746031747
2.0,0.99,0.9638888888888889,0.16277777777777777,0.9277777777777778,0.9555555555555555
0.0,0.0,1.0,1.0,1.0,1.0
0.0,0.0,1.0,1.0,1.0,1.0
2.0,1.0,0.975,0.33732142857142855,0.9108333333333334,0.7768452380952382
0.0,0.0,1.0,1.0,1.0,1.0
0.0,0.07222222222222222,1.0,0.9388888888888889,1.0,0.9888888888888889
0.0,0.11666666666666665,0.9666666666666668,0.9166666666666666,1.0,1.0
2.0,0.9470238095238095,0.4923412698412698,0.6853373015873017,0.96875,0.9065476190476189
0.0,0.11666666666666665,0.975,0.9083333333333332,1.0,1.0
0.0,0.12222222222222223,0.9833333333333332,0.8944444444444445,1.0,1.0
3.0,0.6587500000000001,0.9817460317460318,0.5959325396825397,0.8960714285714285,0.8675
0.0,0.3721230158730159,0.9220238095238095,0.8643849206349206,0.8976190476190476,0.9438492063492063
0.0,0.0,1.0,1.0,1.0,1.0
3.0,1.0,0.9289880952380953,0.9400992063492065,0.4780555555555555,0.6528571428571428
2.0,0.9803571428571429,0.9484126984126984,0.2630357142857143,1.0,0.8081944444444444
0.0,0.4914880952380952,0.9803571428571429,0.7344047619047619,0.911011904761905,0.8827380952380952
1.0,0.9494642857142856,0.6358730158730157,0.7015277777777779,0.9196825396825397,0.7934523809523809
4.0,0.4738888888888889,0.9027777777777779,0.85,0.9733333333333334,0.8
0.0,0.0,1.0,1.0,1.0,1.0
1.0,0.928888888888889,0.735,0.5379166666666667,0.8806944444444443,0.9175000000000001
2.0,0.7174603174603175,0.8433333333333334,0.6199603174603174,0.9166666666666667,0.9025793650793652
2.0,1.0,0.8916071428571432,0.37214285714285716,0.9516666666666668,0.7845833333333333
0.0,0.08333333333333333,0.9881944444444445,0.951388888888889,0.9770833333333334,1.0
0.0,0.0,1.0,1.0,1.0,1.0
2.0,0.99,0.7330952380952381,0.5958333333333333,0.7867857142857142,0.8942857142857144
0.0,0.0,1.0,1.0,1.0,1.0
2.0,0.8100198412698415,0.8883928571428571,0.4780555555555555,0.8910714285714286,0.9324603174603174
2.0,0.95,0.7639880952380953,0.7448015873015873,0.9501388888888889,0.5910714285714287
0.0,0.0,1.0,1.0,1.0,1.0
0.0,0.09,0.9775,0.975,0.9675,0.99
0.0,0.02857142857142857,0.9928571428571429,0.9857142857142858,1.0,0.9928571428571429
0.0,0.005555555555555555,1.0,0.9944444444444445,1.0,1.0
2.0,0.8730158730158731,0.6045634920634921,0.6989087301587302,0.9407738095238095,0.8827380952380952
0.0,0.09821428571428573,0.9875,0.9142857142857143,1.0,1.0
4.0,0.9680555555555557,0.5226190476190476,0.677797619047619,0.9140277777777778,0.9175000000000001
0.0,0.09285714285714286,0.9071428571428571,1.0,1.0,1.0
0.0,0.0125,0.99375,0.99375,1.0,1.0
2.0,0.375,0.9833333333333332,0.825,0.95625,0.8604166666666666
1.0,1.0,0.6218452380952381,0.6729166666666666,0.9061111111111112,0.7991269841269842
1.0,0.99375,0.6160714285714286,0.730654761904762,0.9567460317460318,0.7027777777777777
2.0,0.9928571428571429,0.9785714285714286,0.16246031746031747,0.9583333333333333,0.9077777777777778
0.0,0.026666666666666665,1.0,0.9733333333333334,1.0,1.0
0.0,0.09156746031746033,1.0,0.9155753968253968,1.0,0.9928571428571429
4.0,0.5476785714285713,0.9237500000000001,0.6764880952380953,0.9630952380952381,0.8889880952380953
0.0,0.0,1.0,1.0,1.0,1.0
0.0,0.06339285714285714,0.975,0.9741071428571428,1.0,0.9875
1.0,0.98375,0.6539087301587302,0.43664682539682537,0.9256944444444445,1.0
2.0,0.9355158730158731,0.806904761904762,0.4757936507936509,0.8851190476190476,0.8966666666666667
2.0,0.98375,0.5707539682539683,0.6168849206349206,0.9104166666666667,0.9181944444444445
0.0,0.5940674603174603,0.9278571428571428,0.666825396825397,0.8581547619047619,0.9530952380952382
0.0,0.05714285714285714,0.9928571428571429,0.9555555555555555,1.0,0.9944444444444445
0.0,0.014285714285714285,0.9928571428571429,0.9928571428571429,1.0,1.0
0.0,0.0,1.0,1.0,1.0,1.0
0.0,0.11000000000000001,1.0,0.9400000000000001,1.0,0.95
3.0,0.9730158730158731,0.9928571428571429,0.2347222222222222,0.9553571428571429,0.8440476190476189
4.0,0.975,0.9788888888888889,0.3550793650793651,0.8588888888888888,0.8321428571428573
2.0,1.0,0.8656944444444445,0.4726190476190476,0.9816666666666667,0.6800198412698413
2.0,1.0,0.9722222222222221,0.26888888888888884,0.8592857142857142,0.8996031746031745
2.0,1.0,0.9104166666666668,0.25166666666666665,0.9650000000000001,0.8729166666666668
2.0,1.0,0.975,0.33732142857142855,0.9108333333333334,0.7768452380952382
2.0,0.9625,0.5304563492063492,0.8258531746031746,0.8819642857142858,0.7992261904761905
0.0,0.42777777777777776,0.9722222222222221,0.7402777777777778,0.95,0.9097222222222221
0.0,0.16303571428571428,0.906607142857143,0.9803571428571429,0.95,1.0
0.0,0.06875,0.95,0.98125,1.0,1.0
2.0,0.20932539682539683,0.9690476190476189,0.8716269841269841,1.0,0.95
2.0,0.7805555555555556,0.9533730158730158,0.3787698412698413,0.9171626984126986,0.9701388888888889
4.0,0.96875,0.9761904761904763,0.2765277777777778,1.0,0.778531746031746
2.0,0.9388888888888889,0.7661111111111112,0.576388888888889,0.8675,0.8511111111111112
0.0,0.0,1.0,1.0,1.0,1.0
2.0,0.90625,0.5621031746031746,0.7777777777777778,0.8487103174603176,0.9051587301587303
0.0,0.15,0.9333333333333332,0.95,0.9833333333333332,0.9833333333333332
0.0,0.0,1.0,1.0,1.0,1.0
1.0,0.8944444444444445,0.6481150793650794,0.534186507936508,0.9745238095238096,0.9487301587301588
0.0,0.016666666666666666,0.9944444444444445,0.9888888888888889,1.0,1.0
1.0,0.9520833333333334,0.6302777777777777,0.724186507936508,0.8660714285714285,0.8273809523809523
1.0,0.8991071428571429,0.7650793650793651,0.5353174603174603,0.9216269841269842,0.8788690476190476
0.0,0.09166666666666667,0.9333333333333333,0.9833333333333334,1.0,0.9916666666666666
0.0,0.2945039682539683,0.9481944444444445,0.8300000000000001,0.9428571428571428,0.9844444444444445
2.0,0.7283730158730158,0.9637499999999999,0.4937896825396825,0.8767857142857143,0.9373015873015873
0.0,0.03125,1.0,0.96875,1.0,1.0
1.0,0.058333333333333334,0.9916666666666668,0.95,1.0,1.0
0.0,0.0,1.0,1.0,1.0,1.0
0.0,0.0,1.0,1.0,1.0,1.0
0.0,0.0,1.0,1.0,1.0,1.0
0.0,0.3718849206349206,0.9,0.8637301587301588,0.9018849206349208,0.9625
4.0,0.95,0.7069444444444445,0.6467460317460316,0.8730952380952381,0.8232142857142858
0.0,0.18541666666666665,0.9375,0.8895833333333332,1.0,0.9875
1.0,0.1,1.0,0.9,1.0,1.0
4.0,0.9844444444444445,1.0,0.3191666666666667,0.8559920634920635,0.8403968253968254
4.0,0.7259920634920635,0.8908730158730158,0.6423412698412699,0.8156944444444445,0.9250992063492063
4.0,0.6113095238095239,0.92875,0.6950396825396826,0.8681547619047618,0.8967460317460315
0.0,0.04444444444444444,0.9666666666666666,0.9888888888888889,1.0,1.0
2.0,0.95,0.9634920634920634,0.39900793650793653,0.8722222222222221,0.8152777777777779
0.0,0.09642857142857143,0.9535714285714285,0.95,1.0,1.0
1.0,1.0,0.517718253968254,0.7797619047619049,0.9646031746031746,0.7379166666666667
0.0,0.5390277777777778,0.9805555555555555,0.6899801587301588,0.8772420634920637,0.9131944444444444
1.0,1.0,0.5131150793650794,0.8393849206349205,0.966388888888889,0.6811111111111112
0.0,0.0,1.0,1.0,1.0,1.0
1.0,0.022916666666666665,1.0,0.9770833333333332,1.0,1.0
2.0,1.0,0.9928571428571429,0.09246031746031746,0.9833333333333334,0.9313492063492064
3.0,0.9888888888888889,0.710138888888889,0.6885119047619048,0.8118055555555556,0.8006547619047619
0.0,0.4447222222222223,0.9761904761904763,0.8008730158730157,0.9173809523809524,0.8608333333333335
1.0,0.9730158730158731,0.560297619047619,0.6329365079365079,0.898611111111111,0.9351388888888887
1.0,1.0,0.89375,0.34329365079365076,0.9761111111111112,0.7868452380952381
0.0,0.09,0.99,0.9199999999999999,1.0,1.0
2.0,0.577579365079365,0.9297619047619048,0.8768849206349205,0.9166666666666666,0.6991071428571428
0.0,0.09583333333333333,1.0,0.9541666666666668,1.0,0.95
0.0,0.0,1.0,1.0,1.0,1.0
1.0,0.10902777777777777,1.0,0.8909722222222222,1.0,1.0
2.0,0.9652777777777779,0.6514484126984126,0.715218253968254,0.9521031746031745,0.715952380952381
0.0,0.0,1.0,1.0,1.0,1.0
0.0,0.4111111111111111,0.976190476190476,0.6737103174603176,0.982638888888889,0.9563492063492063
4.0,0.9058333333333334,0.7321626984126984,0.6539484126984126,0.8365277777777779,0.8715277777777779
0.0,0.09285714285714286,0.9666666666666666,0.9785714285714286,1.0,0.961904761904762
2.0,0.9770833333333332,0.9854166666666668,0.2868055555555556,0.8958333333333333,0.8548611111111111
4.0,0.9469444444444445,0.9694444444444444,0.4176388888888889,0.8515277777777778,0.8144444444444445
3.0,1.0,0.9142857142857143,0.1273809523809524,0.9944444444444445,0.9638888888888889
2.0,0.6123214285714285,0.9411904761904761,0.7413095238095239,0.8425595238095237,0.8626190476190476
0.0,0.14642857142857144,1.0,0.9169642857142858,1.0,0.9366071428571429
4.0,0.9577777777777777,0.7130158730158731,0.6334722222222222,0.7679563492063493,0.9277777777777778
0.0,0.02,1.0,0.9800000000000001,1.0,1.0
1.0,0.9527777777777778,0.7321626984126983,0.7030753968253969,0.838015873015873,0.773968253968254
0.0,0.0975,0.98375,0.99375,1.0,0.925
1.0,0.3573214285714285,0.8612301587301587,0.8759920634920636,0.9833333333333334,0.9221230158730158
4.0,0.8017658730158729,0.9944444444444445,0.8534722222222223,0.7243849206349208,0.6259325396825396
0.0,0.0,1.0,1.0,1.0,1.0
4.0,0.7626388888888889,0.9875,0.47222222222222215,0.902876984126984,0.8747619047619049
1.0,0.6646825396825397,0.8031746031746032,0.6670634920634921,0.946825396825397,0.9182539682539683
2.0,0.9916666666666668,0.6564484126984127,0.5566468253968253,0.955952380952381,0.8392857142857142
4.0,0.954861111111111,0.6430555555555556,0.6595238095238095,0.9162698412698413,0.8262896825396826
2.0,1.0,0.982638888888889,0.05208333333333333,0.9875,0.9777777777777779
2.0,1.0,0.8226388888888889,0.5890873015873016,0.9773015873015872,0.6109722222222224
0.0,0.022916666666666665,0.9833333333333332,0.99375,1.0,1.0
2.0,1.0,0.9645833333333332,0.37490079365079365,0.88125,0.7792658730158731
0.0,0.3290674603174603,0.9916666666666668,0.920138888888889,0.9077380952380952,0.851388888888889
0.0,0.0,1.0,1.0,1.0,1.0
4.0,1.0,0.8456349206349207,0.39841269841269844,0.9646825396825397,0.7912698412698412
4.0,0.8880555555555556,0.6842857142857144,0.598452380952381,0.9511111111111111,0.8780952380952382
2.0,0.99,0.9441666666666666,0.30503968253968256,0.9623015873015873,0.7984920634920635
0.0,0.11071428571428572,0.9732142857142858,0.9357142857142857,1.0,0.9803571428571429
0.0,0.09841269841269842,0.9833333333333332,0.9563492063492065,1.0,0.9619047619047618
2.0,1.0,0.9819444444444445,0.25821428571428573,0.8573611111111111,0.9024801587301587
0.0,0.4722420634920634,1.0,0.6933531746031746,0.918968253968254,0.9154365079365079
2.0,0.9531746031746031,0.7172222222222222,0.7333333333333334,0.7670634920634921,0.8292063492063491
0.0,0.07698412698412699,0.95,0.9873015873015873,1.0,0.9857142857142858
0.0,0.0125,0.9875,1.0,1.0,1.0
0.0,0.0,1.0,1.0,1.0,1.0
0.0,0.03333333333333333,0.9666666666666666,1.0,1.0,1.0
3.0,0.9416666666666668,0.9520833333333334,0.3705952380952381,0.9470238095238095,0.7886309523809524
2.0,0.7243452380952381,0.9230952380952381,0.6454365079365079,0.7996230158730159,0.9075
2.0,1.0,0.9595238095238094,0.14017857142857143,0.9857142857142858,0.9145833333333332
0.0,0.1,1.0,0.925,0.975,1.0
0.0,0.6184722222222222,0.926527777777778,0.6395039682539683,0.9083333333333334,0.9071626984126985
2.0,0.9777777777777779,0.6075396825396826,0.5343650793650794,0.9395238095238095,0.9407936507936508
2.0,1.0,0.7327380952380953,0.5297619047619048,0.9210317460317461,0.816468253968254
0.0,0.07232142857142856,0.9785714285714284,0.95625,1.0,0.9928571428571429
3.0,0.6231746031746033,0.9553571428571429,0.5243849206349207,0.9081944444444444,0.9888888888888889
0.0,0.0,1.0,1.0,1.0,1.0
3.0,0.9373015873015873,0.7498214285714286,0.9431944444444443,0.6542261904761906,0.7154563492063493
0.0,0.0,1.0,1.0,1.0,1.0
0.0,0.19523809523809524,0.9761904761904763,0.9119047619047619,0.975,0.9416666666666667
0.0,0.0,1.0,1.0,1.0,1.0
2.0,1.0,0.975,0.11755952380952381,0.9479166666666666,0.9595238095238093
0.0,0.07916666666666666,1.0,0.9208333333333332,1.0,1.0
2.0,0.9944444444444445,0.700595238095238,0.6361706349206349,0.8624007936507937,0.806388888888889
4.0,0.9928571428571429,0.9692460317460319,0.8767857142857144,0.9453571428571429,0.21575396825396825
0.0,0.2619047619047619,1.0,0.744345238095238,1.0,0.99375
2.0,0.8544642857142858,0.8875,0.5278769841269841,0.8985515873015875,0.831607142857143
2.0,1.0,0.9638888888888889,0.17718253968253966,0.9394841269841269,0.9194444444444445
0.0,0.2145833333333333,0.892222222222222,0.9381944444444444,1.0,0.9550000000000001
0.0,0.0,1.0,1.0,1.0,1.0
1.0,0.6342857142857143,0.9191666666666667,0.6724999999999999,0.88375,0.8902976190476191
0.0,0.05500000000000001,0.97,0.9875,1.0,0.9875
0.0,0.075,1.0,0.925,1.0,1.0
0.0,0.0,1.0,1.0,1.0,1.0
0.0,0.0,1.0,1.0,1.0,1.0
4.0,0.9625,0.7182738095238095,0.5850595238095238,0.80625,0.9279166666666665
2.0,1.0,0.9335714285714287,0.5704365079365079,0.9873015873015873,0.5086904761904762
2.0,0.9238095238095237,0.8392857142857142,0.5086904761904762,0.975,0.7532142857142856
4.0,0.9675,0.7330357142857143,0.607202380952381,0.8875,0.8047619047619048
1.0,0.1458134920634921,0.975,0.8916865079365079,1.0,0.9875
2.0,1.0,1.0,0.15238095238095237,0.9142857142857143,0.9333333333333333
0.0,0.05500000000000001,0.945,1.0,1.0,1.0
0.0,0.0,1.0,1.0,1.0,1.0
4.0,0.9469444444444445,0.9694444444444444,0.4176388888888889,0.8515277777777778,0.8144444444444445
2.0,0.82,0.89484126984127,0.45317460317460306,0.9079365079365079,0.924047619047619
0.0,0.18125,0.9416666666666667,0.89375,1.0,0.9833333333333334
4.0,0.9622222222222223,0.6738888888888889,0.6784722222222224,0.7868055555555556,0.898611111111111
4.0,1.0,0.9916666666666668,0.40896825396825404,0.8331349206349208,0.7662301587301588
1.0,0.9213690476190477,0.7411904761904762,0.6197222222222222,0.8670833333333334,0.8506349206349206
0.0,0.13738095238095238,0.9630952380952381,0.925,0.9828571428571429,0.9916666666666666
0.0,0.005555555555555555,1.0,1.0,1.0,0.9944444444444445
2.0,0.9928571428571429,0.9366071428571429,0.30674603174603177,0.9261904761904762,0.8375992063492064
2.0,0.99,0.98125,0.05097222222222222,1.0,0.9777777777777779
4.0,1.0,0.6935515873015873,0.5312301587301586,0.9400000000000002,0.8352182539682541
2.0,0.9833333333333332,0.9355357142857142,0.23251984126984127,0.9844444444444445,0.8641666666666667
2.0,0.5665277777777779,0.8966666666666665,0.6090873015873016,0.9595238095238094,0.9681944444444446
0.0,0.0625,0.9375,1.0,1.0,1.0
0.0,0.09126984126984126,0.9523809523809523,0.9634920634920636,1.0,0.9928571428571429
0.0,0.0,1.0,1.0,1.0,1.0
4.0,1.0,1.0,0.19361111111111112,0.9041666666666668,0.9022222222222223
2.0,1.0,0.9873015873015873,0.146031746031746,1.0,0.8666666666666668
2.0,0.9583333333333334,0.568015873015873,0.6674603174603174,0.8692460317460318,0.9369444444444444
0.0,0.0,1.0,1.0,1.0,1.0
0.0,0.0,1.0,1.0,1.0,1.0
0.0,0.045,1.0,0.9650000000000001,1.0,0.99
2.0,0.951904761904762,0.5824404761904762,0.626765873015873,0.9256944444444445,0.9131944444444443
2.0,0.41930555555555554,0.9633333333333333,0.7847222222222222,0.8916666666666668,0.9409722222222223
2.0,0.7638888888888888,0.8930555555555555,0.6031746031746033,0.8511904761904763,0.8886904761904763
2.0,0.7406944444444445,0.9527777777777778,0.3586111111111111,0.9722222222222221,0.9756944444444444
4.0,1.0,0.9875,0.3128571428571429,0.8766666666666666,0.8229761904761904
0.0,0.2519047619047619,0.9720238095238095,0.8219642857142857,0.99,0.9641071428571429
2.0,0.28642857142857137,0.972857142857143,0.8666666666666666,0.9507142857142856,0.9233333333333332
3.0,0.9104761904761902,0.5069444444444444,0.766388888888889,0.9511111111111112,0.8650793650793652
0.0,0.0,1.0,1.0,1.0,1.0
2.0,1.0,0.9666666666666668,0.09920634920634921,0.9944444444444445,0.9396825396825397
0.0,0.036309523809523805,0.9636904761904763,1.0,1.0,1.0
1.0,0.9833333333333332,0.56875,0.5770833333333333,0.8993055555555557,0.9715277777777777
0.0,0.0,1.0,1.0,1.0,1.0
0.0,0.11964285714285713,1.0,0.9053571428571429,1.0,0.975
0.0,0.0,1.0,1.0,1.0,1.0
0.0,0.026666666666666665,0.9944444444444445,0.9788888888888889,1.0,1.0
0.0,0.06984126984126984,0.9873015873015873,0.9678571428571429,1.0,0.975
1.0,0.8881944444444445,0.6906944444444445,0.6020833333333335,0.850277777777778,0.96875
0.0,0.4595436507936507,0.9354166666666668,0.6940674603174604,0.9220833333333334,0.9888888888888889
4.0,0.519563492063492,1.0,0.7812698412698412,0.7805555555555557,0.918611111111111
3.0,0.6694444444444445,0.9178571428571429,0.6837896825396825,0.8219444444444445,0.9069642857142857
0.0,0.0,1.0,1.0,1.0,1.0
0.0,0.0,1.0,1.0,1.0,1.0
0.0,0.034999999999999996,1.0,0.9650000000000001,1.0,1.0
0.0,0.32285714285714284,0.9400000000000001,0.8736507936507938,0.919047619047619,0.9444444444444444
0.0,0.0,1.0,1.0,1.0,1.0
0.0,0.0,1.0,1.0,1.0,1.0
2.0,0.99375,0.5896825396825396,0.6322222222222222,0.8880952380952382,0.8962499999999999
4.0,0.9661111111111111,0.7691666666666668,0.5604166666666667,0.8480555555555555,0.8562500000000002
0.0,0.1075,0.9625,0.93,1.0,1.0
0.0,0.0,1.0,1.0,1.0,1.0
0.0,0.06984126984126984,0.9928571428571429,0.9873015873015873,1.0,0.95
0.0,0.05,0.975,1.0,1.0,0.975
2.0,1.0,0.8642857142857142,0.26339285714285715,0.9714285714285715,0.9008928571428572
1.0,0.9611111111111112,0.5438492063492063,0.7463293650793652,0.9025000000000001,0.8462103174603175
0.0,0.0,1.0,1.0,1.0,1.0
0.0,0.05,0.95,1.0,1.0,1.0
0.0,0.0,1.0,1.0,1.0,1.0
0.0,0.026666666666666665,1.0,0.99,1.0,0.9833333333333334
0.0,0.2443452380952381,0.9375,0.8607142857142858,0.9875,0.9699404761904763
0.0,0.2561904761904762,0.9616666666666667,0.8133928571428573,1.0,0.96875
2.0,1.0,0.94375,0.22986111111111107,0.8875,0.9388888888888889
0.0,0.0,1.0,1.0,1.0,1.0
1.0,0.9211309523809523,0.6840277777777778,0.591468253968254,0.9482142857142858,0.8551587301587302
1.0,0.9944444444444445,0.35625,0.7677579365079364,0.9605555555555556,0.9209920634920635
2.0,0.7990079365079366,0.9845238095238097,0.33015873015873015,0.9488095238095238,0.9375
0.0,0.12527777777777777,1.0,0.8847222222222222,1.0,0.99
2.0,0.99375,0.7265277777777778,0.6717460317460319,0.8405753968253968,0.7674007936507936
0.0,0.005555555555555555,1.0,1.0,1.0,0.9944444444444445
1.0,0.99,0.21500000000000002,0.87625,0.9631944444444445,0.9555555555555555
0.0,0.11468253968253968,0.9674603174603174,0.925,1.0,0.9928571428571429
2.0,0.9944444444444445,0.9736111111111111,0.19125,0.9379166666666666,0.9027777777777779
0.0,0.11428571428571428,0.9857142857142858,0.945,1.0,0.9550000000000001
1.0,1.0,0.4413690476190476,0.651686507936508,0.9208333333333334,0.986111111111111
0.0,0.05,1.0,0.95,1.0,1.0
2.0,0.9263888888888889,0.7028769841269841,0.5844444444444445,0.9305753968253969,0.8557142857142856
0.0,0.0,1.0,1.0,1.0,1.0
2.0,1.0,0.9438888888888888,0.3323015873015873,0.96765873015873,0.7561507936507936
3.0,0.9373015873015873,0.7827380952380952,0.459563492063492,0.9632142857142856,0.8571825396825397
0.0,0.12250000000000001,0.9875,0.89,1.0,1.0
2.0,0.96875,0.627638888888889,0.7240277777777777,0.8541666666666667,0.8254166666666667
1.0,0.9147222222222222,0.6941666666666668,0.7601388888888889,0.8490277777777779,0.7819444444444444
2.0,0.9800000000000001,0.905,0.2754960317460317,0.8947420634920634,0.9447619047619048
0.0,0.0,1.0,1.0,1.0,1.0
0.0,0.0125,1.0,0.9875,1.0,1.0
4.0,1.0,0.9833333333333332,0.7816468253968254,0.9296031746031745,0.3054166666666666
2.0,0.99375,0.9729166666666667,0.26319444444444445,0.9777777777777779,0.7923611111111111
1.0,0.9928571428571429,0.049603174603174593,0.9916666666666668,0.9928571428571429,0.9730158730158731
2.0,0.48126984126984135,0.9642857142857142,0.6609523809523808,0.9384920634920635,0.9550000000000001
2.0,0.8906746031746031,0.7598015873015873,0.662718253968254,0.8381746031746031,0.8486309523809524
1.0,0.9816666666666667,0.14767857142857144,0.9657738095238095,0.9232142857142858,0.9816666666666667
0.0,0.016666666666666666,0.9833333333333332,1.0,1.0,1.0
1.0,0.9819444444444445,0.8327380952380953,0.8506944444444446,0.9730158730158731,0.3616071428571429
4.0,1.0,0.96875,0.1353968253968254,0.99,0.9058531746031747
0.0,0.21880952380952384,1.0,0.8261904761904763,1.0,0.9550000000000001
2.0,1.0,0.9299999999999999,0.3895833333333333,0.9625,0.7179166666666668
2.0,1.0,0.9244444444444444,0.37499999999999994,0.9816666666666667,0.7188888888888888
0.0,0.0,1.0,1.0,1.0,1.0
0.0,0.2774801587301587,0.8137896825396824,0.9087301587301587,1.0,1.0
0.0,0.08809523809523809,0.9444444444444444,0.9817460317460318,1.0,0.9857142857142858
4.0,0.9844444444444445,0.9272222222222222,0.34944444444444445,0.888888888888889,0.85
1.0,1.0,0.8258333333333333,0.4251190476190477,0.8708333333333332,0.8782142857142858
4.0,0.9309523809523812,0.5209722222222222,0.7830555555555555,0.8839682539682541,0.8810515873015874
1.0,0.9116666666666667,0.7018253968253969,0.5927777777777778,0.9226190476190474,0.8711111111111112
2.0,0.20767857142857143,0.97,0.8389880952380953,1.0,0.9833333333333332
0.0,0.0,1.0,1.0,1.0,1.0
0.0,0.09392857142857142,0.9144047619047619,0.9916666666666666,1.0,1.0
0.0,0.3701587301587302,0.9944444444444445,0.8034920634920635,0.935873015873016,0.8960317460317461
2.0,1.0,0.9595238095238094,0.30259920634920634,0.8854166666666667,0.8524603174603176
2.0,0.875138888888889,0.5831547619047618,0.8759126984126983,0.8110317460317461,0.8547619047619047
0.0,0.0,1.0,1.0,1.0,1.0
2.0,0.8300000000000001,0.5662499999999999,0.8054166666666667,0.93875,0.8595833333333334
1.0,0.9888888888888889,0.4480158730158729,0.7886904761904762,0.8574404761904763,0.9169642857142858
1.0,0.5414682539682539,0.861111111111111,0.7833333333333333,0.9107142857142858,0.9033730158730158
0.0,0.0,1.0,1.0,1.0,1.0
0.0,0.03142857142857143,0.99,0.9785714285714284,1.0,1.0
2.0,0.9023809523809522,0.9111111111111111,0.4204365079365079,0.88125,0.8848214285714284
3.0,0.9944444444444445,0.97390873015873,0.7731150793650793,0.3376984126984127,0.9208333333333334
2.0,0.8564285714285713,0.6640079365079365,0.7125,0.9083333333333334,0.8587301587301587
0.0,0.0,1.0,1.0,1.0,1.0
2.0,0.8193452380952382,0.9386904761904763,0.4038888888888888,0.9631944444444445,0.8748809523809523
4.0,0.9428571428571428,0.7499999999999999,0.5712896825396825,0.9275992063492063,0.8082539682539684
0.0,0.06875,1.0,0.93125,1.0,1.0
0.0,0.18922619047619046,0.99,0.8707738095238096,0.9857142857142858,0.9642857142857142
0.0,0.08928571428571427,0.9803571428571429,0.9303571428571429,1.0,1.0
0.0,0.3391865079365079,0.9770833333333332,0.8305555555555555,0.8649801587301587,0.9881944444444445
2.0,0.9275,0.6106547619047619,0.6591666666666666,0.9485119047619047,0.8541666666666666
0.0,0.8793055555555556,0.5976388888888888,0.702202380952381,0.8967460317460318,0.9241071428571427
0.0,0.016666666666666666,1.0,0.9833333333333334,1.0,1.0
2.0,0.9712500000000001,0.7300198412698413,0.665,0.856607142857143,0.7771230158730159
4.0,0.95,0.8690476190476192,0.7094444444444444,0.8567460317460318,0.6147619047619048
0.0,0.5549603174603175,0.8541666666666667,0.771626984126984,0.9652777777777779,0.8539682539682539
2.0,0.9881944444444445,0.9336309523809524,0.09998015873015872,0.98375,0.9944444444444445
0.0,0.19642857142857145,0.9185714285714287,0.8933333333333333,1.0,0.9916666666666666
0.0,0.06666666666666667,1.0,0.9444444444444444,1.0,0.9888888888888889
1.0,0.99375,0.14404761904761904,0.96875,0.9702380952380952,0.9232142857142858
1.0,0.9583333333333334,0.6761111111111112,0.6617658730158731,0.8886111111111111,0.8151785714285715
4.0,1.0,0.9431944444444443,0.45297619047619053,0.9573611111111111,0.646468253968254
0.0,0.39394841269841274,0.9645833333333332,0.7762896825396824,0.8964285714285714,0.96875
0.0,0.0,1.0,1.0,1.0,1.0
0.0,0.08238095238095236,1.0,0.9419047619047619,1.0,0.9757142857142858
2.0,0.63484126984127,0.97,0.5926785714285714,0.8900992063492064,0.9123809523809523
0.0,0.06,1.0,0.9483333333333335,0.9916666666666666,1.0
1.0,0.4069642857142857,0.9723214285714284,0.806547619047619,0.9346428571428571,0.8795238095238094
0.0,0.0,1.0,1.0,1.0,1.0
4.0,0.6705357142857142,0.8895833333333332,0.5358333333333334,0.904047619047619,1.0
0.0,0.0,1.0,1.0,1.0,1.0
2.0,0.99375,0.8,0.523611111111111,0.8222222222222223,0.8604166666666668
1.0,0.9520833333333334,0.7313888888888889,0.544861111111111,0.88125,0.8904166666666665
2.0,0.6789285714285715,0.912063492063492,0.5331746031746032,0.9163888888888888,0.9594444444444445
0.0,0.0,1.0,1.0,1.0,1.0
0.0,0.4042460317460318,0.9881944444444445,0.7797619047619049,0.8935515873015873,0.9342460317460317
2.0,1.0,0.9770833333333334,0.15952380952380954,0.9348214285714285,0.9285714285714285
2.0,0.9580555555555555,0.66875,0.621031746031746,0.917718253968254,0.8344444444444445
0.0,0.014285714285714285,0.9857142857142858,1.0,1.0,1.0
0.0,0.28515873015873017,0.9644444444444444,0.8661904761904763,0.9411904761904764,0.9430158730158731
2.0,0.99,0.20087301587301587,0.9274801587301587,0.949702380952381,0.9319444444444445
1.0,0.9888888888888889,0.5519444444444443,0.74875,0.8445833333333332,0.8658333333333333
0.0,0.08125,1.0,0.9527777777777778,0.9888888888888889,0.9770833333333332
1.0,0.9833333333333334,0.16791666666666666,0.9031944444444445,0.9944444444444445,0.9511111111111111
2.0,0.9472222222222222,0.7274007936507937,0.5653769841269841,0.8079166666666667,0.9520833333333334
3.0,0.9773809523809526,0.9206349206349207,0.7343650793650793,0.49553571428571414,0.8720833333333333
0.0,0.025,1.0,0.975,1.0,1.0
2.0,0.9325793650793651,0.6804761904761906,0.7025,0.89,0.7944444444444445
3.0,0.9800000000000001,0.9356349206349206,0.41736111111111107,0.7719246031746032,0.8950793650793651
2.0,1.0,0.9337500000000001,0.2618055555555555,0.9681944444444446,0.83625
1.0,1.0,0.810218253968254,0.5535714285714286,0.9310515873015873,0.7051587301587301
2.0,1.0,1.0,0.05,1.0,0.95
0.0,0.0805952380952381,0.9844444444444445,0.9476587301587301,1.0,0.9873015873015873
0.0,0.43888888888888894,0.9375,0.7861111111111111,0.9583333333333334,0.8791666666666668
0.0,0.65625,0.9166666666666667,0.5809523809523809,0.9340277777777779,0.9121031746031747
0.0,0.36656746031746035,0.9319444444444445,0.8196428571428573,0.9754960317460318,0.9063492063492065
0.0,0.0,1.0,1.0,1.0,1.0
0.0,0.48601190476190476,0.9803571428571429,0.6616666666666667,0.9694642857142857,0.9025000000000001
2.0,0.9944444444444445,0.9334722222222223,0.3086507936507936,0.9638888888888889,0.7995436507936508
0.0,0.0,1.0,1.0,1.0,1.0
0.0,0.0,1.0,1.0,1.0,1.0
0.0,0.16416666666666666,0.95875,0.91875,0.975,0.9833333333333334
0.0,0.05,1.0,0.95,1.0,1.0
0.0,0.1,0.9833333333333332,0.9277777777777778,1.0,0.9888888888888889
0.0,0.05,1.0,1.0,0.95,1.0
4.0,0.9833333333333332,0.9512499999999999,0.17472222222222222,0.975,0.9156944444444444
4.0,0.5379166666666667,0.831111111111111,0.7632936507936507,0.9157936507936508,0.9518849206349207
0.0,0.20821428571428574,1.0,0.7917857142857143,1.0,1.0
0.0,0.12222222222222223,0.9583333333333333,0.9480158730158731,0.9928571428571429,0.9785714285714284
2.0,1.0,0.9782738095238095,0.23700396825396827,0.8590277777777778,0.9256944444444445
0.0,0.0,1.0,1.0,1.0,1.0
0.0,0.1125,0.99375,0.9,1.0,0.99375
0.0,0.0,1.0,1.0,1.0,1.0
1.0,0.8164682539682542,0.7397619047619048,0.6599206349206349,0.879563492063492,0.9042857142857142
0.0,0.10714285714285714,1.0,0.9333333333333332,0.9944444444444445,0.9650793650793652
0.0,0.02,1.0,0.9800000000000001,1.0,1.0
2.0,0.9075,0.5573809523809524,0.6893849206349205,0.9269841269841269,0.91875
0.0,0.0,1.0,1.0,1.0,1.0
0.0,0.04017857142857143,1.0,0.9741071428571428,1.0,0.9857142857142858
2.0,0.9061111111111112,0.6638095238095237,0.6552976190476191,0.8603174603174605,0.9144642857142857
2.0,1.0,0.9625,0.0941468253968254,0.99375,0.9496031746031747
2.0,1.0,0.9761904761904763,0.2288095238095238,0.9428571428571428,0.8521428571428571
1.0,0.986111111111111,0.5359920634920635,0.6557738095238096,0.9730158730158731,0.8491071428571428
0.0,0.014285714285714285,1.0,0.9928571428571429,1.0,0.9928571428571429
1.0,0.9857142857142858,0.23166666666666663,0.9279365079365081,0.9329365079365081,0.9217460317460319
0.0,0.12180555555555554,0.9281944444444445,0.95,1.0,1.0
0.0,0.0,1.0,1.0,1.0,1.0
2.0,0.4814880952380952,0.99,0.7699007936507937,0.8191666666666666,0.9394444444444445
0.0,0.0,1.0,1.0,1.0,1.0
0.0,0.0,1.0,1.0,1.0,1.0
0.0,0.0,1.0,1.0,1.0,1.0
2.0,1.0,0.668154761904762,0.7628968253968254,0.8342261904761905,0.7347222222222223
0.0,0.025,0.99375,0.99375,1.0,0.9875
2.0,0.9833333333333332,0.8833333333333334,0.19722222222222222,0.9944444444444445,0.9416666666666668
0.0,0.03333333333333333,1.0,1.0,1.0,0.9666666666666668
4.0,0.9125,0.8532738095238095,0.46468253968253964,0.9845238095238095,0.7850198412698413
2.0,0.9729166666666667,0.6619047619047619,0.6449404761904762,0.8685515873015873,0.8516865079365079
1.0,0.9666666666666668,0.7208333333333333,0.4993055555555556,0.9111111111111111,0.9020833333333333
0.0,0.03333333333333333,0.9833333333333334,0.9833333333333332,1.0,1.0
1.0,0.99375,0.5890873015873016,0.6213492063492064,0.9259126984126984,0.8699007936507936
1.0,0.9916666666666668,0.17615079365079364,0.8674999999999999,1.0,0.9646825396825397
3.0,0.9928571428571429,0.9431547619047619,0.24898809523809526,0.9104166666666668,0.9045833333333334
4.0,0.5466468253968253,0.9928571428571429,0.7981349206349206,0.7780952380952382,0.884265873015873
2.0,1.0,1.0,0.08444444444444443,0.97,0.9455555555555554
1.0,1.0,0.9321428571428572,0.3203373015873016,0.9777777777777779,0.7697420634920635
0.0,0.0,1.0,1.0,1.0,1.0
0.0,0.0,1.0,1.0,1.0,1.0
1.0,1.0,0.7041666666666667,0.6504960317460318,0.975,0.6703373015873015
0.0,0.04791666666666666,1.0,0.9854166666666666,1.0,0.9666666666666668
2.0,0.9105555555555555,0.7017063492063492,0.589404761904762,0.9219444444444445,0.8763888888888889
1.0,1.0,0.8375396825396825,0.6275595238095237,0.9723214285714284,0.5625793650793651
0.0,0.6007936507936508,0.9400000000000001,0.7067460317460317,0.8463888888888889,0.9060714285714286
1.0,0.9928571428571429,0.049603174603174593,0.9916666666666668,0.9928571428571429,0.9730158730158731
2.0,0.9650000000000001,0.5675,0.683968253968254,0.8718253968253968,0.9117063492063492
1.0,1.0,0.7207142857142858,0.8687103174603175,0.9323214285714286,0.4782539682539683
4.0,0.9645833333333333,0.7478174603174603,0.6345238095238096,0.7943452380952382,0.8587301587301587
3.0,0.99375,0.7352380952380952,0.7213888888888889,0.8092460317460317,0.7403769841269842
0.0,0.17916666666666667,0.95,0.8708333333333332,1.0,1.0
0.0,0.0,1.0,1.0,1.0,1.0
4.0,1.0,0.9777777777777779,0.2879960317460318,0.9069642857142858,0.8272619047619048
0.0,0.025,1.0,0.975,1.0,1.0
0.0,0.5023214285714286,0.9620238095238095,0.704404761904762,0.9285714285714285,0.9026785714285713
2.0,0.9666666666666666,0.8941666666666667,0.3276388888888889,0.9102777777777777,0.9012499999999999
2.0,1.0,0.94375,0.22541666666666668,0.9350000000000002,0.8958333333333334
3.0,0.6431746031746032,0.7363690476190476,0.7726785714285714,0.912857142857143,0.9349206349206348
0.0,0.0,1.0,1.0,1.0,1.0
2.0,0.7666865079365078,0.95,0.504265873015873,0.8536904761904761,0.9253571428571428
2.0,1.0,0.986111111111111,0.1423611111111111,0.9388888888888889,0.9326388888888889
2.0,0.9388888888888889,0.6357142857142856,0.6138888888888889,0.875079365079365,0.9364285714285714
0.0,0.1,0.9,1.0,1.0,1.0
0.0,0.034999999999999996,0.99,0.9875,1.0,0.9875
0.0,0.0,1.0,1.0,1.0,1.0
2.0,0.9444444444444444,0.9511111111111112,0.3804166666666666,0.95,0.7740277777777778
0.0,0.041249999999999995,0.98125,0.9875,1.0,0.99
3.0,0.8199206349206349,0.785515873015873,0.7074603174603175,0.8322420634920634,0.8548611111111111
2.0,1.0,0.8066666666666666,0.6462301587301588,0.9569444444444445,0.5901587301587301
1.0,0.899404761904762,0.5324404761904762,0.716765873015873,0.9444444444444444,0.9069444444444444
0.0,0.0,1.0,1.0,1.0,1.0
2.0,1.0,0.976388888888889,0.21686507936507934,0.9741071428571428,0.8326388888888889
0.0,0.4407738095238095,0.9888888888888889,0.7389880952380953,0.9238095238095237,0.9075396825396824
4.0,0.9152380952380952,0.5817857142857142,0.6127976190476191,0.9107142857142858,0.9794642857142858
0.0,0.0,1.0,1.0,1.0,1.0
0.0,0.29791666666666666,0.9916666666666668,0.8652777777777778,0.91875,0.9263888888888889
1.0,0.99375,0.6654166666666667,0.5962500000000001,0.7858333333333334,0.95875
2.0,0.669186507936508,0.9619444444444445,0.5796626984126985,0.9417658730158729,0.8474404761904761
2.0,0.9833333333333332,0.9761904761904763,0.14523809523809522,0.9761904761904763,0.919047619047619
1.0,0.8854166666666667,0.8159722222222221,0.4566468253968254,0.8766865079365079,0.9652777777777779
1.0,0.49456349206349204,0.8566666666666667,0.7704166666666667,0.9545238095238096,0.9238293650793651
2.0,0.95,0.8691666666666666,0.4336507936507936,0.9810515873015874,0.7661309523809524
0.0,0.0,1.0,1.0,1.0,1.0
0.0,0.1,1.0,0.9833333333333332,0.9666666666666668,0.95
0.0,0.20444444444444443,0.9828571428571429,0.8782539682539682,0.9694444444444444,0.9650000000000001
1.0,0.09732142857142857,0.9678571428571429,0.9348214285714285,1.0,1.0
0.0,0.0,1.0,1.0,1.0,1.0
0.0,0.05208333333333333,0.9916666666666666,0.95625,1.0,1.0
2.0,0.9065476190476189,0.8642857142857142,0.4767857142857143,0.8851190476190476,0.8672619047619048
0.0,0.3811507936507937,0.9678571428571429,0.7498015873015873,0.9873015873015873,0.913888888888889
0.0,0.5868055555555556,0.954861111111111,0.6055555555555555,0.9,0.9527777777777778
0.0,0.014285714285714285,1.0,0.9857142857142858,1.0,1.0
0.0,0.0,1.0,1.0,1.0,1.0
0.0,0.047619047619047616,1.0,0.9857142857142858,0.9916666666666668,0.975
1.0,0.975,0.6670634920634921,0.6118055555555556,0.8840277777777779,0.8621031746031746
0.0,0.0,1.0,1.0,1.0,1.0
0.0,0.17430555555555555,0.9777777777777779,0.8534722222222222,0.9944444444444445,1.0
1.0,0.95625,0.7070833333333334,0.5681746031746031,0.9544642857142858,0.8140277777777778
2.0,0.98125,0.9666666666666668,0.1814484126984127,0.945138888888889,0.9254960317460318
4.0,0.1292261904761905,0.9944444444444445,0.9081349206349207,1.0,0.9681944444444444
0.0,0.15892857142857145,0.96875,0.8723214285714285,1.0,1.0
4.0,0.94375,0.5807539682539682,0.5963293650793651,0.96875,0.9104166666666668
1.0,0.9152777777777779,0.7496031746031747,0.4648809523809524,0.9357142857142857,0.9345238095238095
2.0,0.8708333333333333,0.8159722222222221,0.6543650793650794,0.9072420634920636,0.7515873015873015
0.0,0.18625,0.9375,0.93875,1.0,0.9375
2.0,0.9666666666666666,0.8400000000000001,0.6297619047619046,0.9321428571428573,0.6314285714285715
4.0,0.99375,0.6478769841269842,0.6578373015873017,0.8741071428571429,0.8264285714285714
1.0,1.0,0.8222619047619049,0.5403373015873016,0.9819444444444445,0.6554563492063492
0.0,0.46251984126984136,0.9833333333333334,0.7303769841269842,0.9501587301587302,0.8736111111111112
2.0,0.6733333333333335,1.0,0.5379166666666666,0.9376984126984127,0.8510515873015873
0.0,0.4732738095238095,0.9520833333333334,0.763392857142857,0.9076388888888889,0.9036111111111111
0.0,0.0,1.0,1.0,1.0,1.0
0.0,0.059920634920634916,0.961111111111111,0.9916666666666668,0.9944444444444445,0.9928571428571429
2.0,1.0,0.975,0.30486111111111114,0.9381944444444444,0.7819444444444443
0.0,0.49079365079365084,0.9345238095238095,0.7091071428571427,0.9030753968253968,0.9625
0.0,0.0,1.0,1.0,1.0,1.0
0.0,0.0,1.0,1.0,1.0,1.0
0.0,0.0,1.0,1.0,1.0,1.0
0.0,0.09910714285714287,0.99375,0.9410714285714287,1.0,0.9660714285714287
2.0,0.9597222222222221,0.6460317460317461,0.701329365079365,0.8608333333333335,0.8320833333333333
2.0,1.0,0.9805555555555557,0.15515873015873016,0.9773809523809526,0.8869047619047619
0.0,0.41944444444444445,0.945,0.8226190476190478,0.875,0.9379365079365082
0.0,0.01944444444444444,0.9916666666666668,0.9888888888888889,1.0,1.0
0.0,0.0,1.0,1.0,1.0,1.0
0.0,0.05,1.0,1.0,0.95,1.0
1.0,0.9544444444444444,0.5168253968253967,0.6687896825396826,0.9356547619047619,0.9242857142857144
0.0,0.034999999999999996,0.9875,0.9775,1.0,1.0
2.0,1.0,0.9916666666666668,0.21696428571428572,0.9226190476190477,0.86875
0.0,0.0,1.0,1.0,1.0,1.0
3.0,1.0,0.9675,0.2875,0.953888888888889,0.7911111111111111
1.0,0.9646825396825397,0.7930555555555555,0.48142857142857143,0.8497222222222222,0.9111111111111112
0.0,0.014285714285714285,1.0,0.9857142857142858,1.0,1.0
3.0,0.6089285714285715,0.9595238095238097,0.634920634920635,0.8976190476190476,0.8990079365079365
0.0,0.4288888888888889,0.9333333333333332,0.8072222222222223,0.9416666666666667,0.8888888888888887
2.0,1.0,0.9583333333333333,0.27847222222222223,0.91875,0.8444444444444447
1.0,0.9816666666666667,0.23388888888888887,0.8763888888888889,0.9354166666666666,0.9726388888888889
2.0,1.0,0.9157142857142858,0.3624603174603175,0.8346428571428574,0.8871825396825399
2.0,0.95,0.7031944444444445,0.6706944444444445,0.906845238095238,0.769265873015873
0.0,0.05833333333333333,0.975,1.0,0.9916666666666668,0.975
0.0,0.4037301587301587,0.8553571428571429,0.9258333333333333,0.913888888888889,0.9011904761904763
3.0,0.8367063492063492,0.8528769841269842,0.5368055555555555,0.9488095238095238,0.8248015873015874
4.0,0.95,0.9319444444444445,0.3389285714285714,0.8825992063492064,0.8965277777777778
2.0,0.9736111111111111,0.9229166666666668,0.36458333333333337,0.8677777777777779,0.8711111111111111
2.0,0.6768055555555555,0.8815277777777778,0.5794246031746032,0.9873015873015873,0.8749404761904762
3.0,0.9741071428571428,0.8835515873015872,0.8711309523809525,0.46380952380952384,0.8074007936507938
4.0,0.9800000000000001,0.8202182539682541,0.8596230158730158,0.46801587301587305,0.8721428571428571
0.0,0.09791666666666667,0.9354166666666668,0.986111111111111,1.0,0.9805555555555555
0.0,0.0125,1.0,0.9875,1.0,1.0
2.0,0.26654761904761903,0.9857142857142858,0.8167658730158729,0.982638888888889,0.9483333333333335
0.0,0.3952380952380952,0.8839285714285715,0.7910714285714285,0.9928571428571429,0.9369047619047619
4.0,0.9833333333333332,0.8740277777777777,0.5078373015873016,0.9644444444444445,0.6703571428571429
2.0,1.0,0.6743055555555555,0.5098214285714285,0.9108134920634919,0.9050595238095237
0.0,0.04126984126984127,0.9944444444444445,0.9642857142857142,1.0,1.0
2.0,0.8752976190476189,0.9857142857142858,0.8393849206349205,0.6211309523809525,0.6784722222222223
2.0,0.9803571428571429,0.7020238095238095,0.523154761904762,0.9378571428571428,0.8566071428571428
0.0,0.05357142857142857,0.9678571428571429,0.9857142857142858,1.0,0.9928571428571429
0.0,0.04017857142857143,0.9732142857142858,0.99375,1.0,0.9928571428571429
2.0,1.0,1.0,0.16041666666666668,0.9083333333333334,0.93125
2.0,1.0,0.9666666666666668,0.2136111111111111,0.9405555555555555,0.8791666666666668
1.0,0.8225000000000001,0.5902777777777778,0.7309722222222221,0.9041666666666668,0.9520833333333332
2.0,1.0,0.9305555555555556,0.1847222222222222,0.9944444444444445,0.8902777777777778
2.0,0.4872222222222223,0.97,0.7286111111111111,0.8566666666666667,0.9574999999999999
2.0,0.7803769841269841,0.8649603174603175,0.5058928571428571,0.9134920634920635,0.9352777777777778
1.0,0.9,0.5117063492063492,0.8566468253968254,0.9046626984126984,0.8269841269841269
0.0,0.02142857142857143,0.9785714285714284,1.0,1.0,1.0
0.0,0.0,1.0,1.0,1.0,1.0
4.0,1.0,0.9833333333333332,0.05625,0.9604166666666666,1.0
2.0,0.9944444444444445,0.9194444444444445,0.2970238095238095,0.9176587301587302,0.8714285714285716
0.0,0.0,1.0,1.0,1.0,1.0
2.0,1.0,0.9770833333333332,0.12529761904761905,1.0,0.8976190476190476
1.0,0.9591666666666668,0.5771230158730158,0.767361111111111,0.8865873015873016,0.8097619047619048
4.0,1.0,0.9354166666666668,0.21349206349206348,0.9743055555555555,0.8767857142857143
1.0,0.9761904761904763,0.5955753968253968,0.566984126984127,0.9240277777777777,0.9372222222222222
0.0,0.033035714285714286,0.9732142857142858,0.99375,1.0,1.0
0.0,0.0,1.0,1.0,1.0,1.0
0.0,0.01,1.0,0.99,1.0,1.0
2.0,0.9844444444444445,0.9857142857142858,0.20726190476190479,0.9077777777777779,0.9148015873015873
2.0,0.99375,0.9875,0.19930555555555557,0.923611111111111,0.8958333333333334
0.0,0.0638888888888889,0.975,0.986111111111111,1.0,0.975
0.0,0.07428571428571429,0.9928571428571429,0.9328571428571429,1.0,1.0
0.0,0.03222222222222222,1.0,0.9677777777777778,1.0,1.0
2.0,1.0,0.9412698412698413,0.3168650793650793,0.9569444444444445,0.7849206349206349
4.0,0.9694444444444444,0.9276388888888889,0.9228571428571429,0.9539682539682541,0.22609126984126982
0.0,0.0,1.0,1.0,1.0,1.0
0.0,0.6725000000000001,0.93875,0.5266666666666666,0.9283333333333335,0.9337500000000001
0.0,0.0125,0.99375,0.99375,1.0,1.0
0.0,0.025,1.0,0.975,1.0,1.0
0.0,0.024305555555555556,0.98125,0.9944444444444445,1.0,1.0
0.0,0.561468253968254,0.9675,0.6749007936507937,0.8568452380952382,0.9392857142857143
0.0,0.0,1.0,1.0,1.0,1.0
0.0,0.0,1.0,1.0,1.0,1.0
0.0,0.5031746031746032,0.9639880952380953,0.6354166666666667,0.948015873015873,0.9494047619047619
2.0,0.9666666666666666,0.9507142857142856,0.31166666666666665,0.8542857142857144,0.9166666666666666
0.0,0.0125,1.0,0.9875,1.0,1.0
0.0,0.0,1.0,1.0,1.0,1.0
0.0,0.06875,0.99375,0.95,0.99375,0.99375
0.0,0.01111111111111111,1.0,0.9888888888888889,1.0,1.0
3.0,0.9678571428571429,0.9450793650793653,0.1542063492063492,0.99,0.9428571428571428
0.0,0.10874999999999999,0.95,0.9512499999999999,1.0,0.99
2.0,0.4719642857142857,0.9866071428571429,0.6738095238095237,0.8747619047619046,0.9928571428571429
0.0,0.0,1.0,1.0,1.0,1.0
0.0,0.7348214285714286,0.8833333333333334,0.5900396825396824,0.8795634920634919,0.9122420634920637
3.0,0.9714285714285713,0.8256349206349206,0.45978174603174604,0.902579365079365,0.8405753968253971
1.0,0.95,0.6221626984126984,0.7382341269841268,0.8590476190476192,0.8305555555555557
0.0,0.08333333333333333,1.0,1.0,0.9666666666666668,0.95
1.0,0.857638888888889,0.9633333333333335,0.5484722222222221,0.7978174603174603,0.8327380952380953
4.0,0.4342261904761905,0.9297619047619048,0.755654761904762,0.95,0.9303571428571429
2.0,0.832857142857143,0.9174603174603175,0.558888888888889,0.8301587301587302,0.8606349206349206
1.0,1.0,0.22404761904761905,0.8376190476190477,1.0,0.9383333333333332
2.0,0.6198809523809524,0.9483333333333333,0.7809722222222222,0.8207142857142857,0.8300992063492064
2.0,0.7872222222222223,0.8627777777777779,0.6376388888888889,0.8890277777777778,0.8233333333333335
4.0,0.95,0.5556547619047618,0.6754960317460318,0.913690476190476,0.9051587301587303
2.0,0.9020833333333332,0.6797619047619048,0.6163690476190475,0.8517857142857144,0.95
2.0,1.0,0.9666666666666668,0.44067460317460316,1.0,0.5926587301587302
0.0,0.1523809523809524,0.9583333333333333,0.9026785714285716,1.0,0.9866071428571429
0.0,0.0,1.0,1.0,1.0,1.0
0.0,0.125,1.0,0.875,1.0,1.0
2.0,1.0,0.9694444444444444,0.1819047619047619,0.9888888888888889,0.8597619047619048
0.0,0.05,0.95,1.0,1.0,1.0
0.0,0.1375,0.95625,0.9541666666666666,1.0,0.9520833333333334
0.0,0.05714285714285714,0.9928571428571429,0.9833333333333332,0.9666666666666668,1.0
2.0,0.9247023809523809,0.6350793650793651,0.6093055555555555,0.9544444444444444,0.8764682539682539
3.0,0.8923611111111113,0.782876984126984,0.5593253968253968,0.9048809523809525,0.8605555555555556
3.0,0.5499206349206349,0.9351190476190474,0.812579365079365,0.7999999999999999,0.9023809523809524
0.0,0.03611111111111111,1.0,0.9638888888888889,1.0,1.0
2.0,0.9761904761904763,0.6067658730158729,0.5987698412698413,0.975,0.8432738095238095
2.0,0.9473214285714284,0.7098214285714286,0.6378968253968254,0.8933531746031746,0.8116071428571429
4.0,1.0,0.5058928571428571,0.6536904761904763,0.9008333333333333,0.9395833333333332
2.0,0.99375,0.9694444444444444,0.16597222222222224,0.95,0.9208333333333332
1.0,0.09732142857142857,1.0,0.9026785714285716,1.0,1.0
2.0,0.7427777777777778,0.899702380952381,0.674484126984127,0.9250992063492063,0.757936507936508
0.0,0.022619047619047615,0.9857142857142858,0.9916666666666668,1.0,1.0
0.0,0.0,1.0,1.0,1.0,1.0
0.0,0.03125,0.9770833333333334,1.0,1.0,0.9916666666666666
0.0,0.0,1.0,1.0,1.0,1.0
3.0,0.5763095238095238,0.9246031746031746,0.6510714285714286,0.8920634920634921,0.955952380952381
4.0,0.6547023809523809,0.9916666666666668,0.9319642857142856,0.888968253968254,0.5326984126984127
0.0,0.05,1.0,1.0,1.0,0.95
2.0,1.0,0.961111111111111,0.1261904761904762,0.9646825396825397,0.9480158730158731
0.0,0.0,1.0,1.0,1.0,1.0
0.0,0.1849206349206349,0.9875,0.9136904761904763,0.9805555555555557,0.9333333333333332
1.0,0.9361904761904762,0.6798809523809524,0.485218253968254,0.9854166666666666,0.9132936507936508
2.0,0.9888888888888889,0.9097222222222221,0.39236111111111105,0.9076388888888889,0.8013888888888889
0.0,0.05,0.9944444444444445,0.9555555555555557,1.0,1.0
0.0,0.0125,1.0,0.9875,1.0,1.0
3.0,0.905595238095238,0.7641071428571429,0.6051785714285715,0.9059722222222224,0.8191468253968253
2.0,0.9134920634920636,0.9067460317460319,0.41220238095238093,0.803670634920635,0.9638888888888889
3.0,0.9833333333333334,0.8113095238095237,0.8341666666666667,0.44841269841269843,0.9227777777777778
0.0,0.0,1.0,1.0,1.0,1.0
2.0,0.9944444444444445,0.9616071428571429,0.3514880952380952,0.8831349206349206,0.8093253968253968
4.0,0.9888888888888889,0.9844444444444445,0.3122222222222223,0.880873015873016,0.8335714285714285
2.0,1.0,0.6475992063492063,0.6411706349206349,0.9256944444444445,0.7855357142857142
2.0,0.9388888888888889,0.803968253968254,0.5686507936507936,0.8122023809523811,0.8762896825396824
0.0,0.0,1.0,1.0,1.0,1.0
0.0,0.0,1.0,1.0,1.0,1.0
0.0,0.37402777777777774,0.9644444444444445,0.7738888888888888,0.9694444444444444,0.9181944444444445
0.0,0.0,1.0,1.0,1.0,1.0
0.0,0.35625,0.9857142857142858,0.7651785714285715,0.9833333333333332,0.9095238095238095
1.0,0.9525,0.23339285714285718,0.879107142857143,0.9661111111111111,0.9688888888888888
2.0,1.0,0.9586309523809525,0.2621031746031746,0.9527777777777778,0.8264880952380953
0.0,0.05,0.99,0.97,1.0,0.99
0.0,0.0,1.0,1.0,1.0,1.0
0.0,0.0,1.0,1.0,1.0,1.0
0.0,0.0,1.0,1.0,1.0,1.0
0.0,0.6844246031746032,0.9845238095238095,0.739484126984127,0.7270833333333333,0.864484126984127
0.0,0.15178571428571427,1.0,0.9366071428571429,0.99375,0.9178571428571429
2.0,1.0,0.8663888888888888,0.42160714285714285,0.944047619047619,0.7679563492063493
2.0,0.665,0.9528571428571428,0.5119047619047619,0.9269642857142856,0.9432738095238096
0.0,0.08769841269841269,0.9444444444444444,0.9678571428571429,1.0,1.0
0.0,0.05,0.95,1.0,1.0,1.0
0.0,0.0,1.0,1.0,1.0,1.0
0.0,0.03333333333333333,1.0,0.9666666666666666,1.0,1.0
0.0,0.0,1.0,1.0,1.0,1.0
0.0,0.0,1.0,1.0,1.0,1.0
1.0,0.95,0.9576388888888889,0.8957341269841269,0.352281746031746,0.8443452380952381
2.0,0.99,0.6151388888888889,0.6556944444444446,0.8825,0.8566666666666667
0.0,0.3882738095238095,0.9678571428571429,0.8569444444444445,0.8589285714285715,0.9279960317460316
1.0,0.37527777777777777,0.9163888888888889,0.8605555555555556,0.9833333333333334,0.8644444444444443
0.0,0.0,1.0,1.0,1.0,1.0
2.0,1.0,0.9916666666666668,0.08888888888888888,0.9541666666666666,0.9652777777777779
0.0,0.0,1.0,1.0,1.0,1.0
0.0,0.0675,0.99375,0.96125,1.0,0.9775
0.0,0.06999999999999999,1.0,0.95,1.0,0.9800000000000001
0.0,0.0,1.0,1.0,1.0,1.0
0.0,0.0,1.0,1.0,1.0,1.0
3.0,0.60625,0.92875,0.6775,0.9166666666666666,0.8708333333333333
0.0,0.7101984126984127,0.8965277777777777,0.5654960317460318,0.9277777777777778,0.9
2.0,0.41781746031746037,0.9712500000000001,0.7652976190476191,0.8831349206349206,0.9625
0.0,0.0,1.0,1.0,1.0,1.0
0.0,0.06428571428571428,1.0,0.9428571428571428,1.0,0.9928571428571429
0.0,0.18125,0.94375,0.93125,0.9625,0.98125
0.0,0.4623214285714285,0.9319444444444445,0.8381746031746033,0.9035714285714287,0.8639880952380953
2.0,0.5055555555555555,0.90625,0.7555555555555555,0.8902777777777778,0.9423611111111111
0.0,0.10873015873015872,1.0,0.9157738095238095,1.0,0.9754960317460318
2.0,0.9875,0.455436507936508,0.7697619047619049,0.8857142857142858,0.9015873015873016
0.0,0.47563492063492063,1.0,0.631984126984127,0.9557142857142857,0.9366666666666668
4.0,0.9833333333333332,0.8824404761904763,0.4604166666666667,0.934722222222222,0.7390873015873016
0.0,0.0,1.0,1.0,1.0,1.0
2.0,1.0,0.9080357142857143,0.29446428571428573,0.9425000000000001,0.8550000000000001
0.0,0.0,1.0,1.0,1.0,1.0
0.0,0.10972222222222223,0.9708333333333332,0.9194444444444445,1.0,1.0
2.0,1.0,0.5908333333333333,0.5725595238095238,0.9,0.9366071428571429
2.0,1.0,0.8875,0.38015873015873014,0.9444444444444444,0.7878968253968254
0.0,0.01111111111111111,1.0,0.9888888888888889,1.0,1.0
0.0,0.021111111111111112,0.9888888888888889,0.99,1.0,1.0
4.0,0.47807539682539685,0.9479166666666667,0.728829365079365,0.9642857142857142,0.880892857142857
0.0,0.05,1.0,1.0,1.0,0.95
4.0,0.9761904761904763,0.9074404761904763,0.35303571428571423,0.949861111111111,0.8134722222222223
0.0,0.0,1.0,1.0,1.0,1.0
0.0,0.0,1.0,1.0,1.0,1.0
2.0,0.8958730158730159,0.8657738095238094,0.430813492063492,0.9031746031746032,0.9043650793650795
0.0,0.0,1.0,1.0,1.0,1.0
1.0,0.23095238095238094,0.9800000000000001,0.8057142857142857,1.0,0.9833333333333332
0.0,0.09166666666666667,0.9666666666666668,0.9416666666666667,1.0,1.0
4.0,0.9333333333333333,0.7631547619047618,0.594186507936508,0.8787698412698413,0.8305555555555555
0.0,0.04928571428571429,0.975,0.9757142857142858,1.0,1.0
1.0,1.0,0.875,0.37222222222222223,0.9444444444444444,0.8083333333333333
0.0,0.02222222222222222,1.0,0.9888888888888889,1.0,0.9888888888888889
0.0,0.0,1.0,1.0,1.0,1.0
4.0,0.95,0.8715277777777779,0.48184523809523816,0.9789682539682539,0.7176587301587303
0.0,0.07416666666666666,0.9854166666666666,0.9487500000000001,1.0,0.9916666666666666
1.0,0.9777777777777779,0.8128373015873016,0.6777777777777778,0.9756944444444444,0.5559126984126983
0.0,0.025,1.0,0.975,1.0,1.0
0.0,0.052083333333333336,0.9944444444444445,0.98125,0.9888888888888889,0.9833333333333332
2.0,0.9944444444444445,0.9888888888888889,0.26666666666666666,0.9134920634920636,0.8365079365079365
0.0,1.0,0.5245039682539683,0.6822420634920634,0.9211309523809523,0.8721230158730158
0.0,0.0,1.0,1.0,1.0,1.0
0.0,0.47230158730158733,0.887857142857143,0.784126984126984,0.8925000000000001,0.9632142857142856
2.0,1.0,0.8138888888888889,0.5493055555555556,0.9480555555555557,0.68875
0.0,0.01875,0.99375,1.0,1.0,0.9875
3.0,0.8618055555555555,0.6989285714285713,0.7893055555555557,0.7901190476190477,0.8598412698412699
2.0,0.44375,0.9174801587301588,0.684702380952381,0.9596230158730158,0.9944444444444445
0.0,0.0,1.0,1.0,1.0,1.0
0.0,0.0,1.0,1.0,1.0,1.0
0.0,0.2955357142857143,0.98125,0.8301587301587302,0.9777777777777779,0.9152777777777779
3.0,0.9732142857142858,0.5215277777777778,0.742063492063492,0.9625,0.8006944444444445
2.0,0.025,1.0,0.975,1.0,1.0
0.0,0.0,1.0,1.0,1.0,1.0
1.0,1.0,0.7287698412698413,0.5439484126984127,0.9263888888888889,0.8008928571428571
0.0,0.08,0.9666666666666668,0.97,1.0,0.9833333333333332
0.0,0.23333333333333334,0.9583333333333334,0.9083333333333332,0.9666666666666668,0.9333333333333333
4.0,0.9400000000000001,0.7467063492063492,0.8288888888888888,0.8825000000000001,0.6019047619047619
4.0,1.0,0.9398214285714286,0.3790674603174603,0.8715277777777779,0.8095833333333333
0.0,0.0375,1.0,0.975,1.0,0.9875
2.0,0.9486111111111111,0.5524801587301588,0.6202380952380953,0.9634920634920634,0.9151785714285715
0.0,0.018333333333333333,0.99,0.9916666666666666,1.0,1.0
0.0,0.07261904761904761,0.9916666666666668,0.9357142857142857,1.0,1.0
0.0,0.95,0.6840277777777777,0.59375,0.9555555555555557,0.8166666666666668
0.0,0.2394047619047619,0.9875,0.8970238095238094,0.9745238095238096,0.901547619047619
0.0,0.06428571428571428,0.9607142857142857,0.975,1.0,1.0
0.0,0.08214285714285714,0.9866071428571429,0.9375,1.0,0.99375
2.0,1.0,0.9534722222222222,0.2638888888888889,0.94625,0.8363888888888888
1.0,0.9357142857142857,0.5183333333333333,0.8107142857142857,0.9116666666666667,0.8235714285714286
0.0,0.007142857142857143,1.0,0.9928571428571429,1.0,1.0
2.0,0.961111111111111,0.642361111111111,0.5845238095238094,0.898809523809524,0.9131944444444444
